spec,group,ticker,n,beta,t
A mid->mid  (NOT executable),HY,SPHY,1903,0.2945082087517689,13.461986672679062
A mid->mid  (NOT executable),HY,SJNK,1903,0.11775313250358253,5.1739082432379915
A mid->mid  (NOT executable),HY,FLHY,1903,0.44004334919637944,21.37794143758991
A mid->mid  (NOT executable),HY,SHYG,1903,0.22381083337620705,10.018402565393265
A mid->mid  (NOT executable),HY,HYGH,1903,0.2686268877985189,12.16556774548606
A mid->mid  (NOT executable),IG,IGIB,1903,-0.0025489347939839074,-0.11119727515703956
A mid->mid  (NOT executable),IG,SPIB,1903,0.1584595160043477,7.003483090023138
A mid->mid  (NOT executable),IG,IGSB,1903,-0.13521169343441897,-5.953835898046906
A mid->mid  (NOT executable),IG,SPSB,1903,-0.1355111257434589,-5.967024527072874
A mid->mid  (NOT executable),IG_long,IGLB,1903,0.29574043886401,13.46349765321124
A mid->mid  (NOT executable),IG_long,SPLB,1903,0.451260422365863,21.95498033534063
A mid->mid  (NOT executable),MUNI,HYD,1903,-0.09246914305656603,-4.051172590337623
A mid->mid  (NOT executable),MUNI,HYMB,1903,-0.09574182419432427,-4.195649584811027
A mid->mid  (NOT executable),MUNI,TFI,1903,0.274168799123351,12.437893956597364
A mid->mid  (NOT executable),MUNI,SHM,1903,-0.06536283305669535,-2.8568453904343007
A mid->mid  (NOT executable),PREF,PFFD,1903,0.17969741970714823,8.041610563413702
A mid->mid  (NOT executable),PREF,FPE,1903,0.2413736102866055,10.855354466075754
A mid->mid  (NOT executable),MBS,VMBS,1903,0.2692272255917489,12.19536823631508
A mid->mid  (NOT executable),MBS,SPMB,1903,0.2499621437489286,11.263842940293289
A mid->mid  (NOT executable),LOAN,SRLN,1903,-0.06894379733465127,-3.0155704611610052
A mid->mid  (NOT executable),LOAN,JBBB,1138,-0.07318111032722903,-2.4757226903325154
A mid->mid  (NOT executable),LOAN,CLOI,1027,-0.04076879139426281,-1.3090675197728368
A mid->mid  (NOT executable),EM,EMHY,1903,0.11735732816889435,5.15516070332824
A mid->mid  (NOT executable),EM,VWOB,1903,0.5048553676648296,25.507476638864
A mid->mid  (NOT executable),EM,PCY,1903,0.050796591561048106,2.214504208549864
A mid->mid  (NOT executable),UST_ctl,SHY,1903,-0.10180905243027044,-4.460623759345953
A mid->mid  (NOT executable),UST_ctl,IEI,1903,-0.10332187601790327,-4.525274014440961
A mid->mid  (NOT executable),UST_ctl,TLH,1903,0.027009763159662133,1.1721284909222152
A mid->mid  (NOT executable),UST_ctl,GOVT,1903,-0.0868922495289252,-3.800198756837082
B mid sig -> close ret,HY,SPHY,1903,-0.01678398258351382,-0.809000111169197
B mid sig -> close ret,HY,SJNK,1903,-0.13530467706661856,-5.994694429406227
B mid sig -> close ret,HY,FLHY,1903,0.2770937528451927,14.969507337300717
B mid sig -> close ret,HY,SHYG,1903,-0.046443519036672196,-2.454659216088428
B mid sig -> close ret,HY,HYGH,1903,0.17500908288057945,8.602117885705459
B mid sig -> close ret,IG,IGIB,1903,-0.053444086244750506,-2.3193772864910036
B mid sig -> close ret,IG,SPIB,1903,-0.13400226569930376,-5.998044015160143
B mid sig -> close ret,IG,IGSB,1903,-0.10821530564163354,-3.8057586083376234
B mid sig -> close ret,IG,SPSB,1903,-0.026527264332367986,-0.9607508861197421
B mid sig -> close ret,IG_long,IGLB,1903,0.09325206770191002,3.4882676658377845
B mid sig -> close ret,IG_long,SPLB,1903,0.2627568644514618,8.032238654441631
B mid sig -> close ret,MUNI,HYD,1903,0.4723567411419749,13.345948899054267
B mid sig -> close ret,MUNI,HYMB,1903,0.6529214560613537,15.529909425073663
B mid sig -> close ret,MUNI,TFI,1903,0.84057564676048,25.239877913897313
B mid sig -> close ret,MUNI,SHM,1903,0.2380131481391249,7.520731399573012
B mid sig -> close ret,PREF,PFFD,1903,-0.013684244109851088,-0.49832500883438413
B mid sig -> close ret,PREF,FPE,1903,0.13517464716364969,5.74773040311812
B mid sig -> close ret,MBS,VMBS,1903,0.41570546347201726,10.349802415321061
B mid sig -> close ret,MBS,SPMB,1903,0.9411620249587624,26.54704051723739
B mid sig -> close ret,LOAN,SRLN,1903,-0.11464258111429182,-4.343480373901783
B mid sig -> close ret,LOAN,JBBB,1138,0.035796005504531984,1.0242463999402056
B mid sig -> close ret,LOAN,CLOI,1027,0.14204482762326806,3.7164630982227433
B mid sig -> close ret,EM,EMHY,1903,0.19769450651394554,6.913556141806289
B mid sig -> close ret,EM,VWOB,1903,-0.07547199645598206,-3.877390844765893
B mid sig -> close ret,EM,PCY,1903,0.056456410634864,2.2064408110323286
B mid sig -> close ret,UST_ctl,SHY,1903,0.05145532248494632,1.9610494743544007
B mid sig -> close ret,UST_ctl,IEI,1903,0.05326434436105576,2.0233897170759505
B mid sig -> close ret,UST_ctl,TLH,1903,-0.024810331863331085,-0.9492124668637362
B mid sig -> close ret,UST_ctl,GOVT,1903,0.07474885496977991,2.7968334347299755
C close->close,HY,SPHY,1903,0.322491234556674,14.865946825809834
C close->close,HY,SJNK,1903,0.08100402205429447,3.5453119951903282
C close->close,HY,FLHY,1903,0.3451550903578832,16.042664560550815
C close->close,HY,SHYG,1903,-0.007262591801311336,-0.3168137327039039
C close->close,HY,HYGH,1903,0.20040990105423115,8.923708574277013
C close->close,IG,IGIB,1903,-0.06683501127800347,-2.921818611322518
C close->close,IG,SPIB,1903,0.006730943574463062,0.29366360516367246
C close->close,IG,IGSB,1903,-0.013198952029208708,-0.5758561075255662
C close->close,IG,SPSB,1903,-0.03742138970431704,-1.6337710607301208
C close->close,IG_long,IGLB,1903,0.4407570280575753,21.241174309457822
C close->close,IG_long,SPLB,1903,0.5159019209093603,26.036852663557397
C close->close,MUNI,HYD,1903,0.3455623455192177,16.064163683349612
C close->close,MUNI,HYMB,1903,0.3870715620751812,18.312458057613227
C close->close,MUNI,TFI,1903,0.4995901437884515,25.16065640474239
C close->close,MUNI,SHM,1903,0.3098885677709135,14.218032060095252
C close->close,PREF,PFFD,1903,0.3616781284468529,16.926215408429176
C close->close,PREF,FPE,1903,0.2008963935653792,8.945944309705256
C close->close,MBS,VMBS,1903,0.4837747447517186,24.112811813516533
C close->close,MBS,SPMB,1903,0.5284225151106541,27.152309347957246
C close->close,LOAN,SRLN,1903,0.08666518817284348,3.7954351643692497
C close->close,LOAN,JBBB,1138,0.0593819881843281,2.006999585269731
C close->close,LOAN,CLOI,1027,0.19855306121811908,6.507785728572845
C close->close,EM,EMHY,1903,0.36386959225979054,17.037734830110477
C close->close,EM,VWOB,1903,0.3412461963780499,15.846961538659281
C close->close,EM,PCY,1903,0.125629974521774,5.523728317854508
C close->close,UST_ctl,SHY,1903,0.01350908796435267,0.5891392068279622
C close->close,UST_ctl,IEI,1903,0.011892382072337716,0.5184359019075245
C close->close,UST_ctl,TLH,1903,0.13225820498039031,5.762703038298793
C close->close,UST_ctl,GOVT,1903,0.04316874283503742,1.8838750530718167
D close->close  T+1 EXEC,HY,SPHY,1903,0.01780904237442978,0.7773911743783547
D close->close  T+1 EXEC,HY,SJNK,1903,-0.09856859902939191,-4.321107831204243
D close->close  T+1 EXEC,HY,FLHY,1903,-0.03824432070050562,-1.669593628574498
D close->close  T+1 EXEC,HY,SHYG,1903,-0.05793620809347096,-2.531628709425089
D close->close  T+1 EXEC,HY,HYGH,1903,0.05079082336304371,2.218454846001108
D close->close  T+1 EXEC,IG,IGIB,1903,0.02867627918708281,1.2513953141596728
D close->close  T+1 EXEC,IG,SPIB,1903,0.04921678400691524,2.1496733065728386
D close->close  T+1 EXEC,IG,IGSB,1903,0.08620165848313405,3.7743799003614784
D close->close  T+1 EXEC,IG,SPSB,1903,0.049394005416734596,2.157149909559119
D close->close  T+1 EXEC,IG_long,IGLB,1903,0.0030045084178949985,0.12914204015381636
D close->close  T+1 EXEC,IG_long,SPLB,1903,-0.029647218067859946,-1.2764319079204507
D close->close  T+1 EXEC,MUNI,HYD,1903,-0.09058102824983537,-3.967887408854252
D close->close  T+1 EXEC,MUNI,HYMB,1903,-0.07957413139097115,-3.48228423738904
D close->close  T+1 EXEC,MUNI,TFI,1903,-0.11374243211016503,-4.994627891275714
D close->close  T+1 EXEC,MUNI,SHM,1903,-0.2593116328071621,-11.710561729671067
D close->close  T+1 EXEC,PREF,PFFD,1903,0.05562637400596096,2.432093609379215
D close->close  T+1 EXEC,PREF,FPE,1903,0.08732493767084229,3.823793869204193
D close->close  T+1 EXEC,MBS,VMBS,1903,0.10837271162512867,4.755202828171358
D close->close  T+1 EXEC,MBS,SPMB,1903,-0.04982563635138671,-2.1762588396869798
D close->close  T+1 EXEC,LOAN,SRLN,1903,-0.02877403583877498,-1.255915537135596
D close->close  T+1 EXEC,LOAN,JBBB,1137,0.015071771717339803,0.508444840291809
D close->close  T+1 EXEC,LOAN,CLOI,1026,-0.06609884684689314,-2.126713934256419
D close->close  T+1 EXEC,EM,EMHY,1903,-0.1427528454721138,-6.292001144402028
D close->close  T+1 EXEC,EM,VWOB,1903,-0.06433350237252643,-2.812531960838542
D close->close  T+1 EXEC,EM,PCY,1903,-0.08275784908881947,-3.6183138270393735
D close->close  T+1 EXEC,UST_ctl,SHY,1903,0.09681486283392826,4.241597276966891
D close->close  T+1 EXEC,UST_ctl,IEI,1903,0.10433982280503998,4.573216324931741
D close->close  T+1 EXEC,UST_ctl,TLH,1903,0.024784119114599157,1.0639588575460082
D close->close  T+1 EXEC,UST_ctl,GOVT,1903,0.0917983142774573,4.0215411534410475
