n,ts,tag,sharpe,cagr,vol,maxdd,median_hold_days,avg_gross,cost_drag_pct_yr,note
1,2026-07-28T20:12:03,T001_baseline_continuous,-2.7424,-0.03361,0.02122,-0.8037,,0.741,4.856,"first baseline: continuous -s sizing, 1993+ sample; 87x/yr turnover, rejected on cost"
2,2026-07-28T20:12:08,T002_sticky_riskparity,-3.0899,-0.11512,0.04283,-0.7736,5.0,2.307,12.15,sticky discrete positions + risk-parity units + cheap hedge legs; sample 2012+
3,2026-07-28T20:16:10,T003_amendment1,-1.0781,-0.03429,0.04184,-0.3632,7.0,1.111,4.362,"s_entry=2.0, cost filter, concentrated sizing, turnover fixes"
4,2026-07-28T20:17:33,T003_amendment1,-0.9485,-0.02164,0.03413,-0.2537,7.0,0.964,4.102,"s_entry=2.0, cost filter, concentrated sizing, turnover fixes"
5,2026-07-28T20:18:13,T003_amendment1,-0.8967,-0.01785,0.03187,-0.2178,7.0,0.877,3.736,"s_entry=2.0, cost filter, concentrated sizing, turnover fixes"
6,2026-07-28T20:19:41,T003_amendment1,-1.4626,-0.09486,0.07387,-0.7051,7.0,2.355,13.412,"s_entry=2.0, cost filter, concentrated sizing, turnover fixes"
7,2026-07-28T20:20:24,T003_amendment1,-0.6213,-0.03512,0.07133,-0.3726,7.0,2.352,5.782,"s_entry=2.0, cost filter, concentrated sizing, turnover fixes"
8,2026-07-28T20:21:55,T004_cluster_pairs,-1.2644,-0.04246,0.0424,-0.4452,7.0,1.414,3.697,cluster-peer hedge replaces 6-leg synthetic hedge
9,2026-07-28T20:23:02,S_e1.5_m1.0_b0.01_h0.05,-1.5856,-0.11878,0.0845,-0.7925,6.0,4.504,13.398,sweep: general book
10,2026-07-28T20:23:03,S_e1.5_m1.0_b0.01_h0.2,-1.5331,-0.13016,0.09525,-0.825,6.0,4.206,12.765,sweep: general book
11,2026-07-28T20:23:04,S_e1.5_m1.0_b0.05_h0.05,-1.5727,-0.11795,0.08459,-0.7901,6.0,4.508,13.32,sweep: general book
12,2026-07-28T20:23:06,S_e1.5_m1.0_b0.05_h0.2,-1.5303,-0.12991,0.09523,-0.8242,6.0,4.211,12.703,sweep: general book
13,2026-07-28T20:23:07,S_e1.5_m3.0_b0.01_h0.05,-1.125,-0.08549,0.08601,-0.673,6.0,3.889,10.205,sweep: general book
14,2026-07-28T20:23:08,S_e1.5_m3.0_b0.01_h0.2,-1.1565,-0.09381,0.09118,-0.7062,6.0,3.74,10.069,sweep: general book
15,2026-07-28T20:23:10,S_e1.5_m3.0_b0.05_h0.05,-1.1157,-0.08486,0.08611,-0.6704,6.0,3.901,10.166,sweep: general book
16,2026-07-28T20:23:11,S_e1.5_m3.0_b0.05_h0.2,-1.1602,-0.09427,0.09133,-0.7079,6.0,3.765,10.029,sweep: general book
17,2026-07-28T20:23:12,S_e1.5_m6.0_b0.01_h0.05,-1.048,-0.07437,0.08118,-0.6473,6.0,3.19,8.402,sweep: general book
18,2026-07-28T20:23:13,S_e1.5_m6.0_b0.01_h0.2,-1.161,-0.08426,0.08244,-0.6753,6.0,3.114,8.39,sweep: general book
19,2026-07-28T20:23:15,S_e1.5_m6.0_b0.05_h0.05,-1.0461,-0.07424,0.0812,-0.6464,6.0,3.193,8.366,sweep: general book
20,2026-07-28T20:23:16,S_e1.5_m6.0_b0.05_h0.2,-1.1506,-0.08343,0.0824,-0.6731,6.0,3.118,8.365,sweep: general book
21,2026-07-28T20:23:17,S_e2.0_m1.0_b0.01_h0.05,-0.9431,-0.05984,0.07427,-0.5396,6.0,2.774,7.415,sweep: general book
22,2026-07-28T20:23:19,S_e2.0_m1.0_b0.01_h0.2,-0.8672,-0.0569,0.07695,-0.543,6.0,2.711,7.282,sweep: general book
23,2026-07-28T20:23:20,S_e2.0_m1.0_b0.05_h0.05,-0.9396,-0.05963,0.0743,-0.5369,6.0,2.791,7.384,sweep: general book
24,2026-07-28T20:23:21,S_e2.0_m1.0_b0.05_h0.2,-0.856,-0.05657,0.0775,-0.5406,6.0,2.731,7.253,sweep: general book
25,2026-07-28T20:23:22,S_e2.0_m3.0_b0.01_h0.05,-0.6331,-0.03604,0.07148,-0.3726,7.0,2.353,5.792,sweep: general book
26,2026-07-28T20:23:24,S_e2.0_m3.0_b0.01_h0.2,-0.8778,-0.05116,0.06971,-0.5107,7.0,2.336,5.747,sweep: general book
27,2026-07-28T20:23:25,S_e2.0_m3.0_b0.05_h0.05,-0.6153,-0.0349,0.07162,-0.363,7.0,2.373,5.774,sweep: general book
28,2026-07-28T20:23:26,S_e2.0_m3.0_b0.05_h0.2,-0.8711,-0.05093,0.06995,-0.5109,7.0,2.355,5.73,sweep: general book
29,2026-07-28T20:23:27,S_e2.0_m6.0_b0.01_h0.05,-0.503,-0.02491,0.06768,-0.3538,6.5,1.793,4.588,sweep: general book
30,2026-07-28T20:23:29,S_e2.0_m6.0_b0.01_h0.2,-0.4994,-0.02424,0.06688,-0.3338,6.5,1.786,4.598,sweep: general book
31,2026-07-28T20:23:30,S_e2.0_m6.0_b0.05_h0.05,-0.493,-0.02444,0.06801,-0.3574,6.5,1.801,4.574,sweep: general book
32,2026-07-28T20:23:31,S_e2.0_m6.0_b0.05_h0.2,-0.4888,-0.02373,0.06721,-0.3379,6.5,1.791,4.584,sweep: general book
33,2026-07-28T20:23:32,S_e2.5_m1.0_b0.01_h0.05,-0.2303,-0.00366,0.05699,-0.227,6.0,0.799,2.478,sweep: general book
34,2026-07-28T20:23:33,S_e2.5_m1.0_b0.01_h0.2,-0.1258,0.00226,0.0572,-0.1658,6.0,0.797,2.462,sweep: general book
35,2026-07-28T20:23:35,S_e2.5_m1.0_b0.05_h0.05,-0.2126,-0.00278,0.05746,-0.2254,6.0,0.811,2.472,sweep: general book
36,2026-07-28T20:23:36,S_e2.5_m1.0_b0.05_h0.2,-0.1223,0.00237,0.05765,-0.1692,6.0,0.808,2.454,sweep: general book
37,2026-07-28T20:23:37,S_e2.5_m3.0_b0.01_h0.05,-0.0761,0.00569,0.0529,-0.1481,6.5,0.668,2.114,sweep: general book
38,2026-07-28T20:23:38,S_e2.5_m3.0_b0.01_h0.2,-0.3434,-0.00718,0.04971,-0.2341,6.5,0.672,2.022,sweep: general book
39,2026-07-28T20:23:40,S_e2.5_m3.0_b0.05_h0.05,-0.0573,0.00663,0.05352,-0.1442,6.5,0.681,2.11,sweep: general book
40,2026-07-28T20:23:41,S_e2.5_m3.0_b0.05_h0.2,-0.3293,-0.00666,0.05018,-0.2351,6.5,0.686,2.016,sweep: general book
41,2026-07-28T20:23:42,S_e2.5_m6.0_b0.01_h0.05,-0.1127,0.00469,0.0471,-0.2189,7.0,0.515,1.537,sweep: general book
42,2026-07-28T20:23:43,S_e2.5_m6.0_b0.01_h0.2,-0.1614,0.0025,0.04657,-0.2151,7.0,0.513,1.528,sweep: general book
43,2026-07-28T20:23:45,S_e2.5_m6.0_b0.05_h0.05,-0.103,0.0051,0.04743,-0.2169,7.0,0.521,1.533,sweep: general book
44,2026-07-28T20:23:46,S_e2.5_m6.0_b0.05_h0.2,-0.1336,0.0037,0.04712,-0.2069,7.0,0.522,1.523,sweep: general book
45,2026-07-28T20:24:29,GROSS_ZERO_cost_(signal_only),0.5573,0.0515,0.07527,-0.1183,6.0,2.846,0.0,cost decomposition diagnostic
46,2026-07-28T20:24:30,"GROSS_spreads_only,_no_impact",0.3716,0.03623,0.073,-0.1202,7.0,2.364,1.715,cost decomposition diagnostic
47,2026-07-28T20:24:31,GROSS_half_spreads,-0.6931,-0.04195,0.0739,-0.4181,6.0,2.664,5.663,cost decomposition diagnostic
48,2026-07-28T20:24:33,GROSS_full_model_(as_traded),-0.6153,-0.0349,0.07162,-0.363,7.0,2.373,5.774,cost decomposition diagnostic
49,2026-07-28T20:24:34,GROSS_double_spreads_(G-COST),-0.6268,-0.03337,0.06815,-0.4017,6.5,1.807,5.564,cost decomposition diagnostic
50,2026-07-28T20:25:27,e1.5_r1_m0.2_i1.0,-1.1711,-0.0883,0.0853,-0.6901,6.0,3.845,10.565,sweep2: breadth x rebalance freq x impact coef
51,2026-07-28T20:25:28,e1.5_r1_m0.2_i0.5,-0.8306,-0.06126,0.08511,-0.568,6.0,3.825,7.052,sweep2: breadth x rebalance freq x impact coef
52,2026-07-28T20:25:30,e1.5_r1_m0.35_i1.0,-1.2011,-0.09145,0.08601,-0.7019,6.0,3.862,10.436,sweep2: breadth x rebalance freq x impact coef
53,2026-07-28T20:25:31,e1.5_r1_m0.35_i0.5,-0.864,-0.06464,0.08592,-0.5852,6.0,3.862,7.011,sweep2: breadth x rebalance freq x impact coef
54,2026-07-28T20:25:31,e1.5_r5_m0.2_i1.0,-0.8463,-0.0677,0.09105,-0.6298,10.0,3.592,4.479,sweep2: breadth x rebalance freq x impact coef
55,2026-07-28T20:25:32,e1.5_r5_m0.2_i0.5,-0.6814,-0.05359,0.09104,-0.5618,10.0,3.585,2.929,sweep2: breadth x rebalance freq x impact coef
56,2026-07-28T20:25:32,e1.5_r5_m0.35_i1.0,-0.8715,-0.06933,0.09049,-0.6374,10.0,3.625,4.357,sweep2: breadth x rebalance freq x impact coef
57,2026-07-28T20:25:33,e1.5_r5_m0.35_i0.5,-0.7091,-0.05551,0.09042,-0.5735,10.0,3.62,2.872,sweep2: breadth x rebalance freq x impact coef
58,2026-07-28T20:25:33,e1.5_r10_m0.2_i1.0,-0.6844,-0.05042,0.08638,-0.539,20.0,3.115,2.651,sweep2: breadth x rebalance freq x impact coef
59,2026-07-28T20:25:34,e1.5_r10_m0.2_i0.5,-0.5734,-0.04118,0.08622,-0.4895,20.0,3.108,1.72,sweep2: breadth x rebalance freq x impact coef
60,2026-07-28T20:25:34,e1.5_r10_m0.35_i1.0,-0.8032,-0.06019,0.08645,-0.596,20.0,3.127,2.563,sweep2: breadth x rebalance freq x impact coef
61,2026-07-28T20:25:35,e1.5_r10_m0.35_i0.5,-0.6976,-0.05158,0.08647,-0.5555,20.0,3.125,1.677,sweep2: breadth x rebalance freq x impact coef
62,2026-07-28T20:25:36,e2.0_r1_m0.2_i1.0,-0.6977,-0.04003,0.07087,-0.4062,7.0,2.346,5.897,sweep2: breadth x rebalance freq x impact coef
63,2026-07-28T20:25:37,e2.0_r1_m0.2_i0.5,-0.4296,-0.02153,0.07069,-0.289,7.0,2.34,3.861,sweep2: breadth x rebalance freq x impact coef
64,2026-07-28T20:25:38,e2.0_r1_m0.35_i1.0,-0.6026,-0.03406,0.07167,-0.3539,7.0,2.353,5.88,sweep2: breadth x rebalance freq x impact coef
65,2026-07-28T20:25:40,e2.0_r1_m0.35_i0.5,-0.3339,-0.01524,0.0716,-0.2389,7.0,2.348,3.858,sweep2: breadth x rebalance freq x impact coef
66,2026-07-28T20:25:40,e2.0_r5_m0.2_i1.0,-0.6535,-0.03566,0.06889,-0.4152,10.0,1.594,1.79,sweep2: breadth x rebalance freq x impact coef
67,2026-07-28T20:25:41,e2.0_r5_m0.2_i0.5,-0.5624,-0.02972,0.0691,-0.3802,10.0,1.593,1.144,sweep2: breadth x rebalance freq x impact coef
68,2026-07-28T20:25:41,e2.0_r5_m0.35_i1.0,-0.5615,-0.02778,0.06604,-0.3559,10.0,1.608,1.799,sweep2: breadth x rebalance freq x impact coef
69,2026-07-28T20:25:42,e2.0_r5_m0.35_i0.5,-0.4724,-0.02209,0.06612,-0.3207,10.0,1.586,1.151,sweep2: breadth x rebalance freq x impact coef
70,2026-07-28T20:25:42,e2.0_r10_m0.2_i1.0,-0.2379,-0.00708,0.06703,-0.2339,10.0,0.973,0.996,sweep2: breadth x rebalance freq x impact coef
71,2026-07-28T20:25:42,e2.0_r10_m0.2_i0.5,-0.1814,-0.00327,0.06686,-0.2079,10.0,0.972,0.634,sweep2: breadth x rebalance freq x impact coef
72,2026-07-28T20:25:43,e2.0_r10_m0.35_i1.0,-0.2452,-0.00928,0.07245,-0.2852,10.0,0.97,1.036,sweep2: breadth x rebalance freq x impact coef
73,2026-07-28T20:25:43,e2.0_r10_m0.35_i0.5,-0.1908,-0.00538,0.07249,-0.267,10.0,0.971,0.658,sweep2: breadth x rebalance freq x impact coef
74,2026-07-28T20:26:38,BREAKEVEN_x0.0,0.6357,0.05803,0.0758,-0.116,6.0,2.823,0.0,cost-scaling break-even curve
75,2026-07-28T20:26:39,BREAKEVEN_x0.1,0.4803,0.04543,0.07531,-0.1169,6.0,2.824,0.841,cost-scaling break-even curve
76,2026-07-28T20:26:41,BREAKEVEN_x0.25,0.231,0.02595,0.07507,-0.1625,6.0,2.771,1.995,cost-scaling break-even curve
77,2026-07-28T20:26:42,BREAKEVEN_x0.5,-0.085,0.00192,0.07501,-0.1964,6.0,2.665,3.531,cost-scaling break-even curve
78,2026-07-28T20:26:43,BREAKEVEN_x0.75,-0.2407,-0.00859,0.07139,-0.2078,7.0,2.55,4.773,cost-scaling break-even curve
79,2026-07-28T20:26:45,BREAKEVEN_x1.0,-0.5535,-0.03096,0.0722,-0.3587,7.0,2.363,5.826,cost-scaling break-even curve
80,2026-07-28T20:26:45,CHEAPPAIRS_e1.5,-1.8224,-0.06966,0.04516,-0.592,6.0,3.242,6.639,"HYG/JNK + LQD/VCIT only, 1-2bp legs"
81,2026-07-28T20:26:46,CHEAPPAIRS_e2.0,-1.5498,-0.04679,0.03765,-0.4561,7.0,1.794,3.403,"HYG/JNK + LQD/VCIT only, 1-2bp legs"
82,2026-07-28T20:26:46,CHEAPPAIRS_e2.5,-0.7211,-0.00846,0.0267,-0.1557,5.0,0.51,1.198,"HYG/JNK + LQD/VCIT only, 1-2bp legs"
83,2026-07-29T06:07:52,SC_base_e1.25,-0.926,-0.06991,0.08622,-0.5992,5.0,4.779,11.307,cost scenario base
84,2026-07-29T06:07:53,SC_base_e1.5,-0.8083,-0.05842,0.08385,-0.5489,6.0,4.245,9.288,cost scenario base
85,2026-07-29T06:07:54,SC_base_e2.0,-0.1737,-0.00423,0.07298,-0.191,6.0,2.601,5.534,cost scenario base
86,2026-07-29T06:07:56,SC_base_e2.5,0.0956,0.01498,0.05595,-0.178,5.5,0.801,1.975,cost scenario base
87,2026-07-29T06:07:57,SC_pessimistic_e1.25,-1.6205,-0.12375,0.08608,-0.7976,6.0,4.559,16.536,cost scenario pessimistic
88,2026-07-29T06:07:58,SC_pessimistic_e1.5,-1.2797,-0.09441,0.08345,-0.7059,6.0,4.004,13.312,cost scenario pessimistic
89,2026-07-29T06:08:00,SC_pessimistic_e2.0,-0.5552,-0.02849,0.06791,-0.3446,7.0,2.417,7.988,cost scenario pessimistic
90,2026-07-29T06:08:01,SC_pessimistic_e2.5,-0.018,0.00869,0.05438,-0.1585,7.0,0.752,2.878,cost scenario pessimistic
91,2026-07-29T06:08:02,SC_legacy_wrong_e1.25,-1.0093,-0.07574,0.08541,-0.6269,6.0,4.757,12.014,cost scenario legacy_wrong
92,2026-07-29T06:08:04,SC_legacy_wrong_e1.5,-0.8412,-0.06042,0.08317,-0.5768,6.0,4.221,9.771,cost scenario legacy_wrong
93,2026-07-29T06:08:05,SC_legacy_wrong_e2.0,-0.1979,-0.0057,0.07194,-0.2126,6.0,2.583,5.772,cost scenario legacy_wrong
94,2026-07-29T06:08:06,SC_legacy_wrong_e2.5,0.0887,0.01457,0.05551,-0.1827,6.0,0.798,2.034,cost scenario legacy_wrong
95,2026-07-29T06:08:08,SC_optimistic_e1.25,-0.4771,-0.03417,0.08802,-0.4008,5.0,4.809,7.054,cost scenario optimistic
96,2026-07-29T06:08:09,SC_optimistic_e1.5,-0.2752,-0.01571,0.08482,-0.3302,6.0,4.288,5.782,cost scenario optimistic
97,2026-07-29T06:08:10,SC_optimistic_e2.0,0.1877,0.02262,0.07497,-0.1279,6.0,2.672,3.298,cost scenario optimistic
98,2026-07-29T06:08:12,SC_optimistic_e2.5,0.2341,0.02308,0.05711,-0.1714,5.5,0.804,1.135,cost scenario optimistic
99,2026-07-29T06:10:13,OPT_base,-1.0965,-0.0463,0.05214,-0.4742,,5.928,10.031,cost-aware mean-variance optimiser
100,2026-07-29T06:10:25,OPT_pessimistic,-1.9296,-0.09051,0.05418,-0.6889,,5.942,13.166,cost-aware mean-variance optimiser
101,2026-07-29T06:10:36,OPT_legacy_wrong,-1.4347,-0.06769,0.05553,-0.5853,,5.946,11.289,cost-aware mean-variance optimiser
102,2026-07-29T06:10:48,OPT_optimistic,-0.2651,-0.004,0.05194,-0.2143,,5.903,6.189,cost-aware mean-variance optimiser
103,2026-07-29T06:11:56,OPT_base,-0.4778,-0.01325,0.04868,-0.2673,,4.293,6.327,cost-aware mean-variance optimiser
104,2026-07-29T06:12:01,OPT_pessimistic,-1.0492,-0.04125,0.04957,-0.4459,1681.0,4.23,7.558,cost-aware mean-variance optimiser
105,2026-07-29T06:12:07,OPT_legacy_wrong,-0.5884,-0.01867,0.04889,-0.3107,1616.0,4.259,6.606,cost-aware mean-variance optimiser
106,2026-07-29T06:12:12,OPT_optimistic,0.1021,0.01499,0.04852,-0.1488,,4.309,4.074,cost-aware mean-variance optimiser
107,2026-07-29T06:12:44,OPT_base,-0.486,-0.01592,0.05298,-0.2831,1754.0,4.797,6.784,cost-aware mean-variance optimiser
108,2026-07-29T06:12:49,OPT_pessimistic,-1.1317,-0.04934,0.05325,-0.4666,1070.0,4.732,8.238,cost-aware mean-variance optimiser
109,2026-07-29T06:12:55,OPT_legacy_wrong,-0.7251,-0.02786,0.05239,-0.3236,1025.0,4.758,7.251,cost-aware mean-variance optimiser
110,2026-07-29T06:13:00,OPT_optimistic,0.1951,0.02024,0.05298,-0.1948,738.0,4.8,4.436,cost-aware mean-variance optimiser
111,2026-07-29T06:13:59,CEILING_v0.13_e1.5,0.6314,0.07603,0.10766,-0.2311,6.0,6.568,0.0,FREE execution ceiling
112,2026-07-29T06:14:00,CEILING_v0.13_e2.0,0.5056,0.05594,0.09453,-0.1447,6.0,3.649,0.0,FREE execution ceiling
113,2026-07-29T06:14:01,CEILING_v0.13_e2.5,0.3719,0.03402,0.066,-0.1779,5.5,1.145,0.0,FREE execution ceiling
114,2026-07-29T06:14:03,CEILING_v0.2_e1.5,0.5134,0.08653,0.16721,-0.3742,6.0,9.546,0.0,FREE execution ceiling
115,2026-07-29T06:14:04,CEILING_v0.2_e2.0,0.4026,0.0624,0.15111,-0.2538,6.0,5.426,0.0,FREE execution ceiling
116,2026-07-29T06:14:06,CEILING_v0.2_e2.5,0.3395,0.04173,0.10372,-0.2639,5.5,1.667,0.0,FREE execution ceiling
117,2026-07-29T06:14:07,CEILING_v0.3_e1.5,0.413,0.08261,0.22867,-0.5541,6.0,12.332,0.0,FREE execution ceiling
118,2026-07-29T06:14:08,CEILING_v0.3_e2.0,0.3007,0.05368,0.2118,-0.5194,6.0,7.107,0.0,FREE execution ceiling
119,2026-07-29T06:14:10,CEILING_v0.3_e2.5,0.3414,0.05282,0.15347,-0.4143,5.5,2.18,0.0,FREE execution ceiling
120,2026-07-29T10:49:44,MID_smooth1,-0.6226,-0.0855,0.13,-0.744,1.0,1.0,2.367,"mid-signal, close-executed, EWMA smoothing"
121,2026-07-29T10:49:44,MID_smooth3,-0.0542,-0.01535,0.13,-0.4334,3.0,1.0,1.248,"mid-signal, close-executed, EWMA smoothing"
122,2026-07-29T10:49:45,MID_smooth5,0.0856,0.0027,0.13,-0.319,5.0,1.0,0.899,"mid-signal, close-executed, EWMA smoothing"
123,2026-07-29T10:49:45,MID_smooth10,0.1677,0.01346,0.13,-0.2502,10.0,1.0,0.565,"mid-signal, close-executed, EWMA smoothing"
124,2026-07-29T10:49:46,MID_smooth20,0.1404,0.00985,0.13,-0.202,20.0,1.0,0.347,"mid-signal, close-executed, EWMA smoothing"
125,2026-07-29T10:49:46,MID_smooth40,-0.0083,-0.00951,0.13,-0.347,40.0,1.0,0.197,"mid-signal, close-executed, EWMA smoothing"
126,2026-07-29T10:50:57,CHEAP_h0.8_s1,-0.227,-0.03726,0.13,0.0,1.0,1.0,0.72,"cost-restricted universe, mid signal, close execution"
127,2026-07-29T10:51:00,CHEAP_h0.8_s5,-0.1716,-0.03034,0.13,0.0,5.0,1.0,0.304,"cost-restricted universe, mid signal, close execution"
128,2026-07-29T10:51:03,CHEAP_h0.8_s10,-0.2653,-0.04212,0.13,0.0,10.0,1.0,0.194,"cost-restricted universe, mid signal, close execution"
129,2026-07-29T10:51:07,CHEAP_h0.8_s20,-0.0274,-0.01196,0.13,0.0,20.0,1.0,0.117,"cost-restricted universe, mid signal, close execution"
130,2026-07-29T10:51:11,CHEAP_h1.2_s1,-0.3124,-0.04786,0.13,0.0,1.0,1.0,0.907,"cost-restricted universe, mid signal, close execution"
131,2026-07-29T10:51:15,CHEAP_h1.2_s5,0.05,-0.00188,0.13,0.0,5.0,1.0,0.369,"cost-restricted universe, mid signal, close execution"
132,2026-07-29T10:51:19,CHEAP_h1.2_s10,0.0828,0.00238,0.13,0.0,10.0,1.0,0.237,"cost-restricted universe, mid signal, close execution"
133,2026-07-29T10:51:23,CHEAP_h1.2_s20,0.1895,0.01629,0.13,0.0,20.0,1.0,0.146,"cost-restricted universe, mid signal, close execution"
134,2026-07-29T10:51:27,CHEAP_h1.8_s1,-0.2674,-0.04247,0.13,0.0,1.0,1.0,1.14,"cost-restricted universe, mid signal, close execution"
135,2026-07-29T10:51:31,CHEAP_h1.8_s5,-0.0052,-0.0091,0.13,0.0,5.0,1.0,0.451,"cost-restricted universe, mid signal, close execution"
136,2026-07-29T10:51:35,CHEAP_h1.8_s10,0.0761,0.0014,0.13,0.0,10.0,1.0,0.29,"cost-restricted universe, mid signal, close execution"
137,2026-07-29T10:51:39,CHEAP_h1.8_s20,0.2359,0.02232,0.13,0.0,20.0,1.0,0.181,"cost-restricted universe, mid signal, close execution"
138,2026-07-29T10:51:44,CHEAP_h2.5_s1,-0.4879,-0.06946,0.13,0.0,1.0,1.0,1.427,"cost-restricted universe, mid signal, close execution"
139,2026-07-29T10:51:49,CHEAP_h2.5_s5,0.0901,0.00328,0.13,0.0,5.0,1.0,0.562,"cost-restricted universe, mid signal, close execution"
140,2026-07-29T10:51:53,CHEAP_h2.5_s10,0.1837,0.01558,0.13,0.0,10.0,1.0,0.359,"cost-restricted universe, mid signal, close execution"
141,2026-07-29T10:51:58,CHEAP_h2.5_s20,0.2022,0.01796,0.13,0.0,20.0,1.0,0.224,"cost-restricted universe, mid signal, close execution"
142,2026-07-31T01:44:18+00:00,S3_angl_hyg_mig_h21,0.03,-0.05,7.28,-19.8,21.0,1.0,0.76,
143,2026-07-31T01:44:18+00:00,S3_angl_hyg_mig_h42,0.05,0.08,7.28,-19.9,42.0,1.0,0.55,
144,2026-07-31T01:44:18+00:00,S3_angl_hyg_mig_h63,0.03,-0.07,7.42,-21.0,63.0,1.0,0.45,
145,2026-07-31T01:44:18+00:00,S3_faln_hyg_mig_h21,0.16,0.9,7.04,-15.9,21.0,1.0,0.52,
146,2026-07-31T01:44:18+00:00,S3_faln_hyg_mig_h42,0.24,1.4,6.78,-15.1,42.0,1.0,0.3,
147,2026-07-31T01:44:18+00:00,S3_faln_hyg_mig_h63,0.2,1.15,6.95,-15.6,63.0,1.0,0.25,
148,2026-07-31T01:44:18+00:00,S3_angl_jnk_mig_h21,0.01,-0.19,7.18,-20.4,21.0,1.0,0.76,
149,2026-07-31T01:44:18+00:00,S3_angl_jnk_mig_h42,0.02,-0.09,7.18,-21.0,42.0,1.0,0.55,
150,2026-07-31T01:44:18+00:00,S3_angl_jnk_mig_h63,0.01,-0.17,7.32,-21.9,63.0,1.0,0.45,
151,2026-07-31T01:44:18+00:00,S3_ief_tlt_control_h21,0.07,0.16,2.55,-5.0,21.0,1.0,0.04,
152,2026-07-31T01:44:18+00:00,S3_ief_tlt_control_h42,0.0,-0.02,2.52,-5.5,42.0,1.0,0.03,
153,2026-07-31T01:44:18+00:00,S3_ief_tlt_control_h63,-0.02,-0.08,2.5,-6.1,63.0,1.0,0.02,
154,2026-07-31T01:44:18+00:00,S3_angl_hyg_unconditional,0.37,1.86,5.32,-19.0,999.0,1.0,0.1,
155,2026-07-31T01:44:18+00:00,S3_faln_hyg_unconditional,0.22,0.86,4.27,-15.0,999.0,1.0,0.08,
156,2026-07-31T01:44:18+00:00,S3_raw_flow_z_credit_pooled,0.0,0.0,0.0,0.0,5.0,0.0,0.0,
